short_name	ncbi_protein	b73_id	ncbi_description
ZmFd1	XP_008678349.1	Zm00001eb174420	ferredoxin
ZmFd2	NP_001104844.1	Zm00001eb260160	ferredoxin-2, chloroplastic
ZmFd3	NP_001336412.1	Zm00001eb063710	ferredoxin-3, chloroplastic
ZmFd4	NP_001130605.1	Zm00001eb083950	Ferredoxin-3, chloroplastic-like
ZmFd5	NP_001297147.1	Zm00001eb260150	ferredoxin-5, chloroplastic
ZmFd6	NP_001104837.1	Zm00001eb288920	ferredoxin-6, chloroplastic precursor
ZmFd7	NP_001266399.1	Zm00001eb260140	adrenodoxin, mitochondrial
ZmFd8	NP_001168703.1	Zm00001eb366870	putative ferredoxin-4 chloroplastic
ZmFd9	NP_001150016.1	Zm00001eb421930	ferredoxin-3
ZmFdC1	NP_001151112.1	Zm00001eb052650	ferredoxin
ZmFdC2	XP_008644599.1	Zm00001eb217230	uncharacterized protein
