name	genome	seq	strand	from	to	amp_bp	hit_at	F_mm	F_3p	R_mm	R_3p	real_off
ZmFd4-P2	B73	chr1	-	114329871	114333580	3711	elsewhere	6	1	5	0	FALSE
ZmFd4-P1	B73	chr2	-	59574651	59576974	2325	own locus	0	0	0	0	FALSE
ZmFd4-P2	B73	chr2	-	59574702	59576606	1906	own locus	0	0	0	0	FALSE
Jia-G1 (G-F1/G-R1)	B73	chr2	-	59575014	59576920	1908	own locus	0	0	0	0	FALSE
Jia-G2 (G-F2/G-R2)	B73	chr2	-	59574059	59575056	999	own locus	0	0	0	0	FALSE
Jia-G2 (G-F2/G-R2)	B73	chr8	-	109474582	109478304	3724	elsewhere	5	0	5	0	TRUE
ZmFd9-P1	B73	chr10	+	116704424	116706228	1806	own locus	0	0	0	0	FALSE
Jia-Fd9-JD	B73	chr10	+	116705645	116706337	694	own locus	0	0	0	0	FALSE
ZmFd4-P1	TIL01	chr2	-	97556550	97558278	1730	own locus	0	0	0	0	FALSE
ZmFd4-P2	TIL01	chr2	-	97556601	97557906	1307	own locus	0	0	0	0	FALSE
Jia-G1 (G-F1/G-R1)	TIL01	chr2	-	97556913	97558227	1316	own locus	4	0	1	0	FALSE
Jia-G2 (G-F2/G-R2)	TIL01	chr2	-	97555959	97556955	998	own locus	0	0	0	0	FALSE
Jia-G2 (G-F2/G-R2)	TIL01	chr8	-	125102740	125106426	3688	elsewhere	5	0	5	0	TRUE
ZmFd9-P1	TIL01	chr10	+	120137503	120139316	1815	own locus	0	0	0	0	FALSE
ZmFd4-P1	TIL01	alt-scaf_19	+	5153600	5155341	1743	alt haplotype	0	0	0	0	FALSE
ZmFd4-P2	TIL01	alt-scaf_19	+	5153966	5155290	1326	alt haplotype	0	0	0	0	FALSE
Jia-G1 (G-F1/G-R1)	TIL01	alt-scaf_19	+	5153654	5154978	1326	alt haplotype	1	0	0	0	FALSE
Jia-G2 (G-F2/G-R2)	TIL01	alt-scaf_19	+	5154936	5155949	1015	alt haplotype	0	0	2	0	FALSE
ZmFd4-P1	TIL11	chr2	-	59250606	59252903	2299	own locus	0	0	0	0	FALSE
ZmFd4-P2	TIL11	chr2	-	59250657	59252537	1882	own locus	0	0	0	0	FALSE
Jia-G1 (G-F1/G-R1)	TIL11	chr2	-	59250957	59252849	1894	own locus	0	0	1	0	FALSE
Jia-G2 (G-F2/G-R2)	TIL11	chr2	-	59249998	59250999	1003	own locus	1	0	0	0	FALSE
ZmFd9-P1	TIL11	chr10	+	115165527	115167378	1853	own locus	0	0	0	0	FALSE
Jia-Fd9-JD	TIL11	chr10	+	115166795	115167487	694	own locus	0	0	2	0	FALSE
Jia-Fd9-JD	TIL18	chr1	+	102739605	102744486	4883	elsewhere	4	0	4	0	TRUE
ZmFd4-P1	TIL18	chr2	-	89160527	89162245	1720	own locus	0	0	0	0	FALSE
ZmFd4-P2	TIL18	chr2	-	89160578	89161877	1301	own locus	0	0	0	0	FALSE
Jia-G1 (G-F1/G-R1)	TIL18	chr2	-	89160890	89162191	1303	own locus	0	0	1	0	FALSE
Jia-G2 (G-F2/G-R2)	TIL18	chr2	-	89159935	89160932	999	own locus	1	0	0	0	FALSE
ZmFd9-P1	TIL18	chr10	+	111725776	111727590	1816	own locus	0	0	0	0	FALSE
ZmFd4-P1	TIL25	chr2	-	73680922	73682659	1739	own locus	0	0	0	0	FALSE
ZmFd4-P2	TIL25	chr2	-	73680973	73682296	1325	own locus	0	0	0	0	FALSE
Jia-G1 (G-F1/G-R1)	TIL25	chr2	-	73681285	73682605	1322	own locus	0	0	0	0	FALSE
Jia-G2 (G-F2/G-R2)	TIL25	chr2	-	73680314	73681327	1015	own locus	0	0	0	0	FALSE
Jia-G2 (G-F2/G-R2)	TIL25	chr4	+	124583242	124585161	1921	elsewhere	5	0	3	1	FALSE
Jia-G2 (G-F2/G-R2)	TIL25	chr9	+	69868115	69870040	1927	elsewhere	5	0	3	1	FALSE
ZmFd9-P1	TIL25	chr10	+	111041771	111043584	1815	own locus	0	0	0	0	FALSE
Jia-Fd9-JD	TIL25	chr10	+	111043001	111043693	694	own locus	0	0	2	0	FALSE
Jia-Fd9-JD	RIMHU001	chr1	+	7997563	8001164	3603	elsewhere	3	0	5	2	FALSE
ZmFd4-P1	RIMHU001	chr2	-	61934697	61936843	2148	own locus	0	0	0	0	FALSE
ZmFd4-P2	RIMHU001	chr2	-	61934748	61936471	1725	own locus	0	0	0	0	FALSE
Jia-G1 (G-F1/G-R1)	RIMHU001	chr2	-	61935057	61936790	1735	own locus	3	0	1	0	FALSE
ZmFd9-P1	RIMHU001	chr10	+	123909699	123911890	2193	own locus	0	0	0	0	FALSE
Jia-Fd9-JD	RIMHU001	chr10	+	123910887	123911999	1114	own locus	3	0	2	0	FALSE
ZmFd4-P1	Gigi	chr2	-	65378530	65380875	2347	own locus	0	0	0	0	FALSE
ZmFd4-P2	Gigi	chr2	-	65378581	65380540	1961	own locus	0	0	0	0	FALSE
Jia-G1 (G-F1/G-R1)	Gigi	chr2	-	65378887	65380823	1938	own locus	4	1	1	0	FALSE
Jia-G2 (G-F2/G-R2)	Gigi	chr2	-	65377916	65378929	1015	own locus	0	0	1	0	FALSE
ZmFd4-P2	Gigi	chr5	-	29220560	29223605	3047	elsewhere	6	3	5	0	FALSE
Jia-Fd9-JD	Gigi	chr8	-	145291641	145294943	3304	elsewhere	5	1	5	0	FALSE
ZmFd9-P1	Gigi	chr10	-	111454295	111456140	1847	own locus	0	0	0	0	FALSE
Jia-Fd9-JD	Gigi	chr10	-	111454186	111454886	702	own locus	2	0	3	0	FALSE
Jia-G2 (G-F2/G-R2)	Gigi	alt-scaf_33	+	1186961	1190391	3432	elsewhere	4	0	3	1	FALSE
ZmFd9-P1	Gigi	alt-scaf_43	-	3384677	3386506	1831	alt haplotype	0	0	0	0	FALSE
Jia-Fd9-JD	Gigi	alt-scaf_43	-	3384568	3385268	702	alt haplotype	2	0	2	0	FALSE
ZmFd4-P1	Gigi	alt-scaf_112	+	670565	672712	2149	alt haplotype	0	0	0	0	FALSE
ZmFd4-P2	Gigi	alt-scaf_112	+	670939	672661	1724	alt haplotype	0	0	0	0	FALSE
Jia-G1 (G-F1/G-R1)	Gigi	alt-scaf_112	+	670619	672353	1736	alt haplotype	0	0	2	0	FALSE
Jia-G2 (G-F2/G-R2)	Gigi	alt-scaf_112	+	672310	673314	1006	alt haplotype	1	0	0	0	FALSE
Jia-Fd9-JD	Gigi	scaf_2574	-	50769	54140	3373	elsewhere	5	1	5	0	FALSE
ZmFd4-P2	Gigi	scaf_2703	-	6370	9415	3047	elsewhere	6	3	5	0	FALSE
Jia-G2 (G-F2/G-R2)	Momo	chr1	-	146626730	146631518	4790	elsewhere	5	0	5	0	TRUE
ZmFd4-P1	Momo	chr2	-	63910241	63912418	2179	own locus	0	0	0	0	FALSE
ZmFd4-P2	Momo	chr2	-	63910292	63912051	1761	own locus	0	0	0	0	FALSE
Jia-G1 (G-F1/G-R1)	Momo	chr2	-	63910595	63912364	1771	own locus	1	0	1	0	FALSE
Jia-G2 (G-F2/G-R2)	Momo	chr2	-	63909627	63910638	1013	own locus	3	0	1	0	FALSE
Jia-Fd9-JD	Momo	chr3	+	29890748	29891718	972	elsewhere	2	0	5	2	FALSE
Jia-G2 (G-F2/G-R2)	Momo	chr6	+	39191550	39194980	3432	elsewhere	4	0	3	1	FALSE
Jia-Fd9-JD	Momo	chr8	-	141424487	141427855	3370	elsewhere	5	1	5	0	FALSE
ZmFd9-P1	Momo	chr10	+	121733395	121735134	1741	own locus	0	0	0	0	FALSE
ZmFd9-P1	Momo	alt-ctg_626979	-	93034	94875	1843	alt haplotype	0	0	0	0	FALSE
Jia-Fd9-JD	Momo	alt-ctg_626979	-	92925	93625	702	alt haplotype	2	0	3	0	FALSE
ZmFd4-P1	PI615697	chr2	-	85919903	85922316	2415	own locus	0	0	0	0	FALSE
ZmFd4-P2	PI615697	chr2	-	85919954	85921942	1990	own locus	0	0	0	0	FALSE
Jia-G1 (G-F1/G-R1)	PI615697	chr2	-	85920257	85922262	2007	own locus	0	0	1	0	FALSE
Jia-G2 (G-F2/G-R2)	PI615697	chr2	-	85919295	85920299	1006	own locus	2	1	0	0	FALSE
Jia-Fd9-JD	PI615697	chr4	+	121766677	121771132	4457	elsewhere	4	0	5	2	FALSE
ZmFd9-P1	PI615697	alt-ctg_476891	-	191731	193544	1815	own locus	0	0	0	0	FALSE
Jia-Fd9-JD	PI615697	alt-ctg_476891	-	191622	192315	695	own locus	3	0	2	0	FALSE
ZmFd9-P1	PI615697	alt-ctg_597558	-	589932	591636	1706	alt haplotype	0	0	0	0	FALSE
Jia-Fd9-JD	PI615697	ctg_765562	+	1063220	1067051	3833	elsewhere	5	0	5	0	TRUE
ZmFd4-P1	RIL003	chr2	-	102173543	102176418	2877	own locus	0	0	0	0	FALSE
ZmFd4-P2	RIL003	chr2	-	102173594	102175871	2279	own locus	0	0	0	0	FALSE
Jia-G1 (G-F1/G-R1)	RIL003	chr2	-	102174037	102176364	2329	own locus	1	0	1	0	FALSE
Jia-G2 (G-F2/G-R2)	RIL003	chr2	-	102172935	102174079	1146	own locus	1	0	0	0	FALSE
Jia-Fd9-JD	RIL003	chr2	+	174660593	174664217	3626	elsewhere	5	0	5	0	TRUE
Jia-G2 (G-F2/G-R2)	RIL003	chr3	+	84699430	84700312	884	elsewhere	5	0	5	0	TRUE
Jia-Fd9-JD	RIL003	chr3	+	52009540	52011067	1529	elsewhere	2	0	4	1	FALSE
Jia-G2 (G-F2/G-R2)	RIL003	chr5	-	33957526	33959900	2376	elsewhere	6	1	5	0	FALSE
ZmFd9-P1	RIL003	chr10	+	151376971	151378862	1893	own locus	0	0	0	0	FALSE
