genome	gene	hap	accession	placement	source	model_id	tx	chr	strand	atg	cds_end	fwd_pident	own_bits
B73	ZmFd4	primary	B73	chr	annotated	Zm00001eb083950	Zm00001eb083950_T001	chr2	-	59574943	59574476	100	320
B73	ZmFd9	primary	B73	chr	annotated	Zm00001eb421930	Zm00001eb421930_T001	chr10	+	116705871	116706314	100	302
Gigi	ZmFd4	primary	Gigi	chr	annotated	Zd00001aa007259	Zd00001aa007259_T001	chr2	-	65378816	65378355	95.484	298
Gigi	ZmFd4	alt	Gigi_alt	unplaced	unannotated	NA	NA	alt-scaf_112	+	672421	672888	97.436	307
Gigi	ZmFd9	primary	Gigi	chr	annotated	Zd00001aa036331	Zd00001aa036331_T001	chr10	-	111454659	111454195	96.622	294
Gigi	ZmFd9	alt	Gigi_alt	unplaced	unannotated	NA	NA	alt-scaf_43	-	3385035	3384592	97.748	294
Momo	ZmFd4	primary	Momo	chr	annotated	Zd00003aa007795	Zd00003aa007795_T001	chr2	-	63910527	63910066	96.129	300
Momo	ZmFd9	primary	Momo	chr	annotated	Zd00003aa039660	Zd00003aa039660_T001	chr10	+	121734771	121735235	97.973	298
Momo	ZmFd9	alt	Momo_alt	unplaced	unannotated	NA	NA	alt-ctg_626979	-	93392	92949	97.748	294
PI615697	ZmFd4	primary	PI615697	chr	annotated	Zn00001aa005960	Zn00001aa005960_T001	chr2	-	85920189	85919728	92.903	288
PI615697	ZmFd9	primary	PI615697	unplaced	unannotated	NA	NA	alt-ctg_476891	-	192089	191646	98.198	296
PI615697	ZmFd9	alt	PI615697_alt	unplaced	unannotated	NA	NA	alt-ctg_597558	-	590290	589847	98.423	296
RIL003	ZmFd4	primary	RIL003	chr	annotated	zluxur__chr2_004157	zluxur__chr2_004157.1	chr2	-	102173829	102173368	94.194	292
RIL003	ZmFd9	primary	RIL003	chr	annotated	zluxur__chr10_000830	zluxur__chr10_000830.1	chr10	+	151378499	151378963	97.297	296
RIMHU001	ZmFd4	primary	RIMHU001	chr	annotated	Zh00001aa007012	Zh00001aa007012_T001	chr2	-	61934989	61934522	96.129	306
RIMHU001	ZmFd9	primary	RIMHU001	chr	annotated	Zh00001aa034827	Zh00001aa034827_T001	chr10	+	123911527	123911991	95.946	293
TIL01	ZmFd4	primary	TIL01	chr	annotated	Zv00001aa007225	Zv00001aa007225_T001	chr2	-	97556842	97556375	96.129	305
TIL01	ZmFd4	alt	TIL01_alt	unplaced	unannotated	NA	NA	alt-scaf_19	+	5155050	5155517	99.573	320
TIL01	ZmFd9	primary	TIL01	chr	annotated	Zv00001aa036279	Zv00001aa036279_T001	chr10	+	120138962	120139417	96.622	290
TIL11	ZmFd4	primary	TIL11	chr	annotated	Zv00002aa007671	Zv00002aa007671_T001	chr2	-	59250889	59250431	94.839	291
TIL11	ZmFd9	primary	TIL11	chr	annotated	Zv00002aa038735	Zv00002aa038735_T001	chr10	+	115167015	115167479	99.324	302
TIL18	ZmFd4	primary	TIL18	chr	annotated	Zx00002aa006775	Zx00002aa006775_T001	chr2	-	89160819	89160352	96.129	305
TIL18	ZmFd9	primary	TIL18	chr	annotated	Zx00002aa034547	Zx00002aa034547_T001	chr10	+	111727224	111727691	99.329	298
TIL25	ZmFd4	primary	TIL25	chr	annotated	Zx00003aa006985	Zx00003aa006985_T001	chr2	-	73681214	73680747	99.355	317
TIL25	ZmFd9	primary	TIL25	chr	annotated	Zx00003aa034917	Zx00003aa034917_T001	chr10	+	111043221	111043685	99.324	302
