genome	cand	model_id	tx	query	qcov	fwd_pident	chr	strand	lo	hi	atg	cds_end	source	cid	back_best	back_bits	ortholog_of	own_bits	b73_chr	placement
B73	Zm00001eb052650_P001	Zm00001eb052650	Zm00001eb052650_T001	ZmFd4	0.6064516129032258	44.681	chr1	-	265410072	265410524	265410524	265410072	annotated	c001	Zm00001eb052650	300	NA	NA	NA	chr (other)
B73	Zm00001eb063710_P001	Zm00001eb063710	Zm00001eb063710_T001	ZmFd4	0.9935483870967742	52.597	chr1	+	302969276	302969734	302969276	302969734	annotated	c002	Zm00001eb063710	310	NA	NA	NA	chr (other)
B73	Zm00001eb083950_P001	Zm00001eb083950	Zm00001eb083950_T001	ZmFd4	1	100	chr2	-	59574476	59574943	59574943	59574476	annotated	c003	Zm00001eb083950	320	ZmFd4	320	chr2	chr
B73	Zm00001eb174420_P001	Zm00001eb174420	Zm00001eb174420_T001	ZmFd4	0.5870967741935483	67.033	chr4	-	42235055	42235522	42235522	42235055	annotated	c004	Zm00001eb174420	311	NA	NA	NA	chr (other)
B73	Zm00001eb217230_P001	Zm00001eb217230	Zm00001eb217230_T001	ZmFd4	0.9096774193548387	33.117	chr5	-	13927683	13945176	13945176	13927683	annotated	c005	Zm00001eb217230	393	NA	NA	NA	chr (other)
B73	Zm00001eb260140_P002	Zm00001eb260140	Zm00001eb260140_T002	ZmFd4	0.6709677419354839	67.308	chr6	-	6643550	6644002	6644002	6643550	annotated	c006	Zm00001eb260140	306	NA	NA	NA	chr (other)
B73	Zm00001eb260150_P001	Zm00001eb260150	Zm00001eb260150_T001	ZmFd4	0.9096774193548387	56.849	chr6	-	6647371	6647955	6647955	6647371	annotated	c007	Zm00001eb260150	400	NA	NA	NA	chr (other)
B73	Zm00001eb260160_P001	Zm00001eb260160	Zm00001eb260160_T001	ZmFd4	0.8258064516129032	60.465	chr6	-	6676481	6676903	6676903	6676481	annotated	c008	Zm00001eb260160	286	NA	NA	NA	chr (other)
B73	Zm00001eb348290_P001	Zm00001eb348290	Zm00001eb348290_T001	ZmFd4	0.632258064516129	61.224	chr8	+	100889636	100890100	100889636	100890100	annotated	c009	Zm00001eb348290	312	NA	NA	NA	chr (other)
B73	Zm00001eb366870_P001	Zm00001eb366870	Zm00001eb366870_T001	ZmFd4	0.6129032258064516	63.158	chr8	-	173313784	173314230	173314230	173313784	annotated	c010	Zm00001eb366870	296	NA	NA	NA	chr (other)
B73	Zm00001eb421930_P001	Zm00001eb421930	Zm00001eb421930_T001	ZmFd9	1	100	chr10	+	116705871	116706314	116705871	116706314	annotated	c011	Zm00001eb421930	302	ZmFd9	302	chr10	chr
Gigi	Zd00001aa004534_P001	Zd00001aa004534	Zd00001aa004534_T001	ZmFd4	0.864516129032258	40.288	chr1	+	249455120	249455572	249455120	249455572	annotated	c012	Zm00001eb052650	292	NA	NA	NA	chr (other)
Gigi	Zd00001aa005471_P001	Zd00001aa005471	Zd00001aa005471_T001	ZmFd9	0.9932432432432432	56.667	chr1	+	288273252	288273710	288273252	288273710	annotated	c013	Zm00001eb063710	305	NA	NA	NA	chr (other)
Gigi	Zd00001aa007259_P001	Zd00001aa007259	Zd00001aa007259_T001	ZmFd4	1	95.484	chr2	-	65378355	65378816	65378816	65378355	annotated	c014	Zm00001eb083950	298	ZmFd4	298	chr2	chr
Gigi	Zd00001aa015088_P001	Zd00001aa015088	Zd00001aa015088_T001	ZmFd4	0.6451612903225806	62	chr4	-	46040645	46042202	46042202	46040645	annotated	c015	Zm00001eb174420	233	NA	NA	NA	chr (other)
Gigi	Zd00001aa018971_P001	Zd00001aa018971	Zd00001aa018971_T001	ZmFd4	0.632258064516129	36.634	chr5	-	21658316	21661846	21661846	21658316	annotated	c016	Zm00001eb217230	380	NA	NA	NA	chr (other)
Gigi	Zd00001aa022674_P001	Zd00001aa022674	Zd00001aa022674_T001	ZmFd4	0.6387096774193548	69.697	chr6	+	3144281	3144712	3144281	3144712	annotated	c017	Zm00001eb260160	276	NA	NA	NA	chr (other)
Gigi	Zd00001aa022676_P001	Zd00001aa022676	Zd00001aa022676_T001	ZmFd4	0.8774193548387097	60.294	chr6	+	3176308	3176718	3176308	3176718	annotated	c018	Zm00001eb260150	262	NA	NA	NA	chr (other)
Gigi	Zd00001aa022677_P001	Zd00001aa022677	Zd00001aa022677_T001	ZmFd4	0.6193548387096774	70.833	chr6	+	3178834	3179271	3178834	3179271	annotated	c019	Zm00001eb260140	284	NA	NA	NA	chr (other)
Gigi	Zd00001aa024941_P001	Zd00001aa024941	Zd00001aa024941_T001	ZmFd4	0.8516129032258064	47.682	chr6	-	155568688	155569152	155569152	155568688	annotated	c020	Zm00001eb348290	228	NA	NA	NA	chr (other)
Gigi	Zd00001aa030054_P001	Zd00001aa030054	Zd00001aa030054_T001	ZmFd4	0.632258064516129	61.224	chr8	+	96638007	96638471	96638007	96638471	annotated	c021	Zm00001eb348290	312	NA	NA	NA	chr (other)
Gigi	Zd00001aa031711_P001	Zd00001aa031711	Zd00001aa031711_T001	ZmFd4	0.6129032258064516	63.158	chr8	-	167278332	167278748	167278748	167278332	annotated	c022	Zm00001eb366870	271	NA	NA	NA	chr (other)
Gigi	Zd00001aa036331_P001	Zd00001aa036331	Zd00001aa036331_T001	ZmFd9	1	96.622	chr10	-	111454195	111454659	111454659	111454195	annotated	c023	Zm00001eb421930	294	ZmFd9	294	chr10	chr
Gigi	Zd00001aa042258_P001	Zd00001aa042258	Zd00001aa042258_T001	ZmFd4	0.864516129032258	40.288	scaf_5721	-	26726	27178	27178	26726	annotated	c024	Zm00001eb052650	292	NA	NA	NA	unplaced
Gigi	Zd00001aa043081_P001	Zd00001aa043081	Zd00001aa043081_T001	ZmFd4	0.6387096774193548	69.697	scaf_7688	+	5523	5933	5523	5933	annotated	c025	Zm00001eb260160	264	NA	NA	NA	unplaced
Momo	Zd00003aa004896_P001	Zd00003aa004896	Zd00003aa004896_T001	ZmFd4	0.864516129032258	40.288	chr1	+	250006481	250006933	250006481	250006933	annotated	c026	Zm00001eb052650	292	NA	NA	NA	chr (other)
Momo	Zd00003aa005936_P001	Zd00003aa005936	Zd00003aa005936_T001	ZmFd4	0.9935483870967742	52.597	chr1	+	289038961	289039419	289038961	289039419	annotated	c027	Zm00001eb063710	306	NA	NA	NA	chr (other)
Momo	Zd00003aa007795_P001	Zd00003aa007795	Zd00003aa007795_T001	ZmFd4	1	96.129	chr2	-	63910066	63910527	63910527	63910066	annotated	c028	Zm00001eb083950	300	ZmFd4	300	chr2	chr
Momo	Zd00003aa016712_P001	Zd00003aa016712	Zd00003aa016712_T001	ZmFd4	0.6451612903225806	62	chr4	-	47559733	47561290	47561290	47559733	annotated	c029	Zm00001eb174420	233	NA	NA	NA	chr (other)
Momo	Zd00003aa020815_P001	Zd00003aa020815	Zd00003aa020815_T001	ZmFd4	0.632258064516129	36.634	chr5	-	18690091	18693622	18693622	18690091	annotated	c030	Zm00001eb217230	380	NA	NA	NA	chr (other)
Momo	Zd00003aa024685_P001	Zd00003aa024685	Zd00003aa024685_T001	ZmFd4	0.6387096774193548	69.697	chr6	+	1466682	1467113	1466682	1467113	annotated	c031	Zm00001eb260160	276	NA	NA	NA	chr (other)
Momo	Zd00003aa024686_P001	Zd00003aa024686	Zd00003aa024686_T001	ZmFd4	0.8774193548387097	60.294	chr6	+	1498730	1499140	1498730	1499140	annotated	c032	Zm00001eb260150	262	NA	NA	NA	chr (other)
Momo	Zd00003aa024687_P001	Zd00003aa024687	Zd00003aa024687_T001	ZmFd4	0.6193548387096774	70.833	chr6	+	1501215	1501652	1501215	1501652	annotated	c033	Zm00001eb260140	284	NA	NA	NA	chr (other)
Momo	Zd00003aa027106_P001	Zd00003aa027106	Zd00003aa027106_T001	ZmFd4	0.8516129032258064	47.682	chr6	-	143785798	143786262	143786262	143785798	annotated	c034	Zm00001eb348290	228	NA	NA	NA	chr (other)
Momo	Zd00003aa032691_P001	Zd00003aa032691	Zd00003aa032691_T001	ZmFd4	0.632258064516129	61.224	chr8	+	93260677	93261141	93260677	93261141	annotated	c035	Zm00001eb348290	312	NA	NA	NA	chr (other)
Momo	Zd00003aa034400_P001	Zd00003aa034400	Zd00003aa034400_T001	ZmFd4	0.6129032258064516	63.158	chr8	-	162828768	162829214	162829214	162828768	annotated	c036	Zm00001eb366870	287	NA	NA	NA	chr (other)
Momo	Zd00003aa039660_P001	Zd00003aa039660	Zd00003aa039660_T001	ZmFd9	1	97.973	chr10	+	121734771	121735235	121734771	121735235	annotated	c037	Zm00001eb421930	298	ZmFd9	298	chr10	chr
PI615697	Zn00001aa004437_P001	Zn00001aa004437	Zn00001aa004437_T001	ZmFd4	0.9935483870967742	52.597	chr1	+	350108669	350109127	350108669	350109127	annotated	c038	Zm00001eb063710	306	NA	NA	NA	chr (other)
PI615697	Zn00001aa005960_P001	Zn00001aa005960	Zn00001aa005960_T001	ZmFd4	1	92.903	chr2	-	85919728	85920189	85920189	85919728	annotated	c039	Zm00001eb083950	288	ZmFd4	288	chr2	chr
PI615697	Zn00001aa013155_P001	Zn00001aa013155	Zn00001aa013155_T001	ZmFd4	0.6064516129032258	65.957	chr4	-	66295260	66295724	66295724	66295260	annotated	c040	Zm00001eb174420	252	NA	NA	NA	chr (other)
PI615697	Zn00001aa018048_P001	Zn00001aa018048	Zn00001aa018048_T001	ZmFd4	0.8258064516129032	59.69	chr6	+	5628438	5628860	5628438	5628860	annotated	c041	Zm00001eb260160	284	NA	NA	NA	chr (other)
PI615697	Zn00001aa018049_P001	Zn00001aa018049	Zn00001aa018049_T001	ZmFd4	0.8774193548387097	59.559	chr6	+	5765528	5765938	5765528	5765938	annotated	c042	Zm00001eb260150	263	NA	NA	NA	chr (other)
PI615697	Zn00001aa018050_P001	Zn00001aa018050	Zn00001aa018050_T001	ZmFd4	0.6709677419354839	67.308	chr6	+	5778768	5779220	5778768	5779220	annotated	c043	Zm00001eb260140	304	NA	NA	NA	chr (other)
PI615697	Zn00001aa019842_P001	Zn00001aa019842	Zn00001aa019842_T001	ZmFd4	0.6387096774193548	58.586	chr6	-	177324566	177325030	177325030	177324566	annotated	c044	Zm00001eb348290	232	NA	NA	NA	chr (other)
PI615697	Zn00001aa023680_P001	Zn00001aa023680	Zn00001aa023680_T001	ZmFd4	0.632258064516129	61.224	chr8	+	93694840	93695304	93694840	93695304	annotated	c045	Zm00001eb348290	312	NA	NA	NA	chr (other)
PI615697	Zn00001aa024690_P001	Zn00001aa024690	Zn00001aa024690_T001	ZmFd4	0.6129032258064516	63.158	chr8	-	161559262	161559705	161559705	161559262	annotated	c046	Zm00001eb366870	281	NA	NA	NA	chr (other)
RIL003	zluxur__chr10_000830.1	zluxur__chr10_000830	zluxur__chr10_000830.1	ZmFd9	1	97.297	chr10	+	151378499	151378963	151378499	151378963	annotated	c047	Zm00001eb421930	296	ZmFd9	296	chr10	chr
RIL003	zluxur__chr1_002515.1	zluxur__chr1_002515	zluxur__chr1_002515.1	ZmFd4	0.6580645161290323	41.441	chr1	+	351861274	351861726	351861274	351861726	annotated	c048	Zm00001eb052650	291	NA	NA	NA	chr (other)
RIL003	zluxur__chr1_003029.1	zluxur__chr1_003029	zluxur__chr1_003029.1	ZmFd9	0.9932432432432432	57.333	chr1	+	406659975	406660433	406659975	406660433	annotated	c049	Zm00001eb063710	306	NA	NA	NA	chr (other)
RIL003	zluxur__chr2_004157.1	zluxur__chr2_004157	zluxur__chr2_004157.1	ZmFd4	1	94.194	chr2	-	102173368	102173829	102173829	102173368	annotated	c050	Zm00001eb083950	292	ZmFd4	292	chr2	chr
RIL003	zluxur__chr4_001620.1	zluxur__chr4_001620	zluxur__chr4_001620.1	ZmFd4	0.6064516129032258	65.957	chr4	+	295237434	295237904	295237434	295237904	annotated	c051	Zm00001eb174420	253	NA	NA	NA	chr (other)
RIL003	zluxur__chr5_004444.1	zluxur__chr5_004444	zluxur__chr5_004444.1	ZmFd4	0.632258064516129	36.634	chr5	-	25831155	25833933	25833933	25831155	annotated	c052	Zm00001eb217230	371	NA	NA	NA	chr (other)
RIL003	zluxur__chr6_000026.1	zluxur__chr6_000026	zluxur__chr6_000026.1	ZmFd4	0.8258064516129032	59.69	chr6	+	5359020	5359442	5359020	5359442	annotated	c053	Zm00001eb260160	284	NA	NA	NA	chr (other)
RIL003	zluxur__chr6_000027.1	zluxur__chr6_000027	zluxur__chr6_000027.1	ZmFd4	0.8774193548387097	59.559	chr6	+	5554658	5555068	5554658	5555068	annotated	c054	Zm00001eb260150	263	NA	NA	NA	chr (other)
RIL003	zluxur__chr6_000028.1	zluxur__chr6_000028	zluxur__chr6_000028.1	ZmFd4	0.6193548387096774	70.833	chr6	+	5567932	5568387	5567932	5568387	annotated	c055	Zm00001eb260140	295	NA	NA	NA	chr (other)
RIL003	zluxur__chr6_002217.1	zluxur__chr6_002217	zluxur__chr6_002217.1	ZmFd4	0.6387096774193548	58.586	chr6	-	220935734	220936784	220936784	220935734	annotated	c056	Zm00001eb348290	231	NA	NA	NA	chr (other)
RIL003	zluxur__chr8_000723.1	zluxur__chr8_000723	zluxur__chr8_000723.1	ZmFd4	0.632258064516129	61.224	chr8	+	132185401	132185865	132185401	132185865	annotated	c057	Zm00001eb348290	312	NA	NA	NA	chr (other)
RIL003	zluxur__chr8_002126.1	zluxur__chr8_002126	zluxur__chr8_002126.1	ZmFd9	0.6148648648648649	69.231	chr8	-	238509959	238510715	238510715	238509959	annotated	c058	Zm00001eb366870	281	NA	NA	NA	chr (other)
RIMHU001	Zh00001aa004312_P001	Zh00001aa004312	Zh00001aa004312_T001	ZmFd4	0.6580645161290323	42.342	chr1	-	269854502	269854954	269854954	269854502	annotated	c059	Zm00001eb052650	294	NA	NA	NA	chr (other)
RIMHU001	Zh00001aa005270_P001	Zh00001aa005270	Zh00001aa005270_T001	ZmFd4	0.9935483870967742	52.597	chr1	+	308145502	308145960	308145502	308145960	annotated	c060	Zm00001eb063710	306	NA	NA	NA	chr (other)
RIMHU001	Zh00001aa007012_P001	Zh00001aa007012	Zh00001aa007012_T001	ZmFd4	1	96.129	chr2	-	61934522	61934989	61934989	61934522	annotated	c061	Zm00001eb083950	306	ZmFd4	306	chr2	chr
RIMHU001	Zh00001aa014194_P001	Zh00001aa014194	Zh00001aa014194_T001	ZmFd4	0.6064516129032258	65.957	chr4	-	41775142	41775609	41775609	41775142	annotated	c062	Zm00001eb174420	253	NA	NA	NA	chr (other)
RIMHU001	Zh00001aa017727_P001	Zh00001aa017727	Zh00001aa017727_T001	ZmFd4	0.632258064516129	36.634	chr5	-	13694097	13696857	13696857	13694097	annotated	c063	Zm00001eb217230	371	NA	NA	NA	chr (other)
RIMHU001	Zh00001aa021461_P001	Zh00001aa021461	Zh00001aa021461_T001	ZmFd4	0.8258064516129032	59.542	chr6	+	1651147	1651572	1651147	1651572	annotated	c064	Zm00001eb260160	281	NA	NA	NA	chr (other)
RIMHU001	Zh00001aa021463_P001	Zh00001aa021463	Zh00001aa021463_T001	ZmFd4	0.8774193548387097	59.559	chr6	+	1713478	1713888	1713478	1713888	annotated	c065	Zm00001eb260150	265	NA	NA	NA	chr (other)
RIMHU001	Zh00001aa021464_P001	Zh00001aa021464	Zh00001aa021464_T001	ZmFd4	0.6193548387096774	70.833	chr6	+	1778119	1778571	1778119	1778571	annotated	c066	Zm00001eb260140	300	NA	NA	NA	chr (other)
RIMHU001	Zh00001aa023684_P001	Zh00001aa023684	Zh00001aa023684_T001	ZmFd4	0.6387096774193548	59.596	chr6	-	159241076	159241543	159241543	159241076	annotated	c067	Zm00001eb348290	227	NA	NA	NA	chr (other)
RIMHU001	Zh00001aa028597_P001	Zh00001aa028597	Zh00001aa028597_T001	ZmFd4	0.632258064516129	61.224	chr8	+	105176564	105177028	105176564	105177028	annotated	c068	Zm00001eb348290	311	NA	NA	NA	chr (other)
RIMHU001	Zh00001aa030158_P001	Zh00001aa030158	Zh00001aa030158_T001	ZmFd4	0.6129032258064516	63.158	chr8	-	177184075	177184521	177184521	177184075	annotated	c069	Zm00001eb366870	295	NA	NA	NA	chr (other)
RIMHU001	Zh00001aa034827_P001	Zh00001aa034827	Zh00001aa034827_T001	ZmFd9	1	95.946	chr10	+	123911527	123911991	123911527	123911991	annotated	c070	Zm00001eb421930	293	ZmFd9	293	chr10	chr
TIL01	Zv00001aa004433_P001	Zv00001aa004433	Zv00001aa004433_T001	ZmFd4	0.6580645161290323	42.342	chr1	+	276159653	276160105	276159653	276160105	annotated	c071	Zm00001eb052650	294	NA	NA	NA	chr (other)
TIL01	Zv00001aa005470_P001	Zv00001aa005470	Zv00001aa005470_T001	ZmFd4	0.9935483870967742	52.597	chr1	+	313933702	313934160	313933702	313934160	annotated	c072	Zm00001eb063710	310	NA	NA	NA	chr (other)
TIL01	Zv00001aa007225_P001	Zv00001aa007225	Zv00001aa007225_T001	ZmFd4	1	96.129	chr2	-	97556375	97556842	97556842	97556375	annotated	c073	Zm00001eb083950	305	ZmFd4	305	chr2	chr
TIL01	Zv00001aa014990_P001	Zv00001aa014990	Zv00001aa014990_T001	ZmFd4	0.5870967741935483	67.033	chr4	-	70525635	70526102	70526102	70525635	annotated	c074	Zm00001eb174420	305	NA	NA	NA	chr (other)
TIL01	Zv00001aa018698_P001	Zv00001aa018698	Zv00001aa018698_T001	ZmFd4	0.632258064516129	36.634	chr5	-	15332282	15341770	15341770	15332282	annotated	c075	Zm00001eb217230	376	NA	NA	NA	chr (other)
TIL01	Zv00001aa022380_P001	Zv00001aa022380	Zv00001aa022380_T001	ZmFd4	0.8258064516129032	59.542	chr6	+	7722087	7722512	7722087	7722512	annotated	c076	Zm00001eb260160	282	NA	NA	NA	chr (other)
TIL01	Zv00001aa022382_P001	Zv00001aa022382	Zv00001aa022382_T001	ZmFd4	0.9096774193548387	56.849	chr6	+	7750702	7751286	7750702	7751286	annotated	c077	Zm00001eb260150	380	NA	NA	NA	chr (other)
TIL01	Zv00001aa022383_P002	Zv00001aa022383	Zv00001aa022383_T002	ZmFd4	0.6193548387096774	69.792	chr6	+	7874374	7874826	7874374	7874826	annotated	c078	Zm00001eb260140	298	NA	NA	NA	chr (other)
TIL01	Zv00001aa024600_P001	Zv00001aa024600	Zv00001aa024600_T001	ZmFd4	0.6387096774193548	59.596	chr6	-	174931280	174931744	174931744	174931280	annotated	c079	Zm00001eb348290	226	NA	NA	NA	chr (other)
TIL01	Zv00001aa029850_P001	Zv00001aa029850	Zv00001aa029850_T001	ZmFd4	0.632258064516129	61.224	chr8	+	116386872	116387336	116386872	116387336	annotated	c080	Zm00001eb348290	312	NA	NA	NA	chr (other)
TIL01	Zv00001aa031498_P001	Zv00001aa031498	Zv00001aa031498_T001	ZmFd9	0.6148648648648649	69.231	chr8	-	228209714	228210163	228210163	228209714	annotated	c081	Zm00001eb366870	285	NA	NA	NA	chr (other)
TIL01	Zv00001aa036279_P001	Zv00001aa036279	Zv00001aa036279_T001	ZmFd9	1	96.622	chr10	+	120138962	120139417	120138962	120139417	annotated	c082	Zm00001eb421930	290	ZmFd9	290	chr10	chr
TIL11	Zv00002aa004872_P001	Zv00002aa004872	Zv00002aa004872_T001	ZmFd4	0.6580645161290323	42.342	chr1	-	263475536	263475988	263475988	263475536	annotated	c083	Zm00001eb052650	295	NA	NA	NA	chr (other)
TIL11	Zv00002aa005863_P001	Zv00002aa005863	Zv00002aa005863_T001	ZmFd4	0.9935483870967742	52.597	chr1	+	301584889	301585347	301584889	301585347	annotated	c084	Zm00001eb063710	310	NA	NA	NA	chr (other)
TIL11	Zv00002aa007671_P001	Zv00002aa007671	Zv00002aa007671_T001	ZmFd4	1	94.839	chr2	-	59250431	59250889	59250889	59250431	annotated	c085	Zm00001eb083950	291	ZmFd4	291	chr2	chr
TIL11	Zv00002aa015994_P001	Zv00002aa015994	Zv00002aa015994_T001	ZmFd4	0.6064516129032258	64.894	chr4	-	41686200	41686667	41686667	41686200	annotated	c086	Zm00001eb174420	302	NA	NA	NA	chr (other)
TIL11	Zv00002aa020018_P001	Zv00002aa020018	Zv00002aa020018_T001	ZmFd4	0.632258064516129	36.634	chr5	-	14203687	14206617	14206617	14203687	annotated	c087	Zm00001eb217230	375	NA	NA	NA	chr (other)
TIL11	Zv00002aa023921_P001	Zv00002aa023921	Zv00002aa023921_T001	ZmFd4	0.8258064516129032	61.069	chr6	+	8585852	8586277	8585852	8586277	annotated	c088	Zm00001eb260160	280	NA	NA	NA	chr (other)
TIL11	Zv00002aa023923_P001	Zv00002aa023923	Zv00002aa023923_T001	ZmFd4	0.9612903225806452	56.291	chr6	+	8591101	8591679	8591101	8591679	annotated	c089	Zm00001eb260150	366	NA	NA	NA	chr (other)
TIL11	Zv00002aa023924_P001	Zv00002aa023924	Zv00002aa023924_T001	ZmFd4	0.6709677419354839	66.346	chr6	+	8674291	8674743	8674291	8674743	annotated	c090	Zm00001eb260140	303	NA	NA	NA	chr (other)
TIL11	Zv00002aa026363_P001	Zv00002aa026363	Zv00002aa026363_T001	ZmFd4	0.6387096774193548	59.596	chr6	-	169339485	169339949	169339949	169339485	annotated	c091	Zm00001eb348290	228	NA	NA	NA	chr (other)
TIL11	Zv00002aa031867_P001	Zv00002aa031867	Zv00002aa031867_T001	ZmFd4	0.632258064516129	61.224	chr8	+	107715202	107715666	107715202	107715666	annotated	c092	Zm00001eb348290	312	NA	NA	NA	chr (other)
TIL11	Zv00002aa033577_P001	Zv00002aa033577	Zv00002aa033577_T001	ZmFd4	0.632258064516129	64.286	chr8	-	181194720	181195175	181195175	181194720	annotated	c093	Zm00001eb366870	276	NA	NA	NA	chr (other)
TIL11	Zv00002aa038735_P001	Zv00002aa038735	Zv00002aa038735_T001	ZmFd9	1	99.324	chr10	+	115167015	115167479	115167015	115167479	annotated	c094	Zm00001eb421930	302	ZmFd9	302	chr10	chr
TIL18	Zx00002aa004193_P001	Zx00002aa004193	Zx00002aa004193_T001	ZmFd4	0.6580645161290323	42.342	chr1	-	293390110	293390562	293390562	293390110	annotated	c095	Zm00001eb052650	295	NA	NA	NA	chr (other)
TIL18	Zx00002aa005105_P001	Zx00002aa005105	Zx00002aa005105_T001	ZmFd4	0.9935483870967742	51.948	chr1	+	326782160	326782618	326782160	326782618	annotated	c096	Zm00001eb063710	309	NA	NA	NA	chr (other)
TIL18	Zx00002aa006775_P001	Zx00002aa006775	Zx00002aa006775_T001	ZmFd4	1	96.129	chr2	-	89160352	89160819	89160819	89160352	annotated	c097	Zm00001eb083950	305	ZmFd4	305	chr2	chr
TIL18	Zx00002aa014334_P001	Zx00002aa014334	Zx00002aa014334_T001	ZmFd4	0.6064516129032258	64.894	chr4	-	56941966	56942433	56942433	56941966	annotated	c098	Zm00001eb174420	254	NA	NA	NA	chr (other)
TIL18	Zx00002aa017831_P001	Zx00002aa017831	Zx00002aa017831_T001	ZmFd4	0.632258064516129	36.634	chr5	-	11349806	11352588	11352588	11349806	annotated	c099	Zm00001eb217230	380	NA	NA	NA	chr (other)
TIL18	Zx00002aa021348_P001	Zx00002aa021348	Zx00002aa021348_T001	ZmFd4	0.8258064516129032	59.542	chr6	+	7151014	7151439	7151014	7151439	annotated	c100	Zm00001eb260160	282	NA	NA	NA	chr (other)
TIL18	Zx00002aa021350_P001	Zx00002aa021350	Zx00002aa021350_T001	ZmFd4	0.8774193548387097	59.559	chr6	+	7170196	7170606	7170196	7170606	annotated	c101	Zm00001eb260150	273	NA	NA	NA	chr (other)
TIL18	Zx00002aa021352_P001	Zx00002aa021352	Zx00002aa021352_T001	ZmFd4	0.8064516129032258	54.61	chr6	+	7173974	7174423	7173974	7174423	annotated	c102	Zm00001eb260140	289	NA	NA	NA	chr (other)
TIL18	Zx00002aa023530_P001	Zx00002aa023530	Zx00002aa023530_T001	ZmFd4	0.632258064516129	60.204	chr6	-	192768446	192768913	192768913	192768446	annotated	c103	Zm00001eb348290	228	NA	NA	NA	chr (other)
TIL18	Zx00002aa028434_P001	Zx00002aa028434	Zx00002aa028434_T001	ZmFd4	0.632258064516129	61.224	chr8	+	102245413	102245877	102245413	102245877	annotated	c104	Zm00001eb348290	305	NA	NA	NA	chr (other)
TIL18	Zx00002aa029995_P001	Zx00002aa029995	Zx00002aa029995_T001	ZmFd4	0.5290322580645161	63.415	chr8	-	190114750	190115200	190115200	190114750	annotated	c105	Zm00001eb366870	270	NA	NA	NA	chr (other)
TIL18	Zx00002aa034547_P001	Zx00002aa034547	Zx00002aa034547_T001	ZmFd9	1	99.329	chr10	+	111727224	111727691	111727224	111727691	annotated	c106	Zm00001eb421930	298	ZmFd9	298	chr10	chr
TIL25	Zx00003aa004318_P001	Zx00003aa004318	Zx00003aa004318_T001	ZmFd4	0.6580645161290323	42.342	chr1	-	251992392	251992844	251992844	251992392	annotated	c107	Zm00001eb052650	295	NA	NA	NA	chr (other)
TIL25	Zx00003aa005257_P001	Zx00003aa005257	Zx00003aa005257_T001	ZmFd4	0.9935483870967742	52.597	chr1	+	285021194	285021652	285021194	285021652	annotated	c108	Zm00001eb063710	310	NA	NA	NA	chr (other)
TIL25	Zx00003aa006985_P001	Zx00003aa006985	Zx00003aa006985_T001	ZmFd4	1	99.355	chr2	-	73680747	73681214	73681214	73680747	annotated	c109	Zm00001eb083950	317	ZmFd4	317	chr2	chr
TIL25	Zx00003aa014471_P001	Zx00003aa014471	Zx00003aa014471_T001	ZmFd4	0.5870967741935483	67.033	chr4	-	48143789	48144253	48144253	48143789	annotated	c110	Zm00001eb174420	300	NA	NA	NA	chr (other)
TIL25	Zx00003aa018052_P001	Zx00003aa018052	Zx00003aa018052_T001	ZmFd4	0.632258064516129	36.634	chr5	-	12334649	12342653	12342653	12334649	annotated	c111	Zm00001eb217230	378	NA	NA	NA	chr (other)
TIL25	Zx00003aa021569_P001	Zx00003aa021569	Zx00003aa021569_T001	ZmFd4	0.6709677419354839	66.346	chr6	-	389208	389660	389660	389208	annotated	c112	Zm00001eb260140	298	NA	NA	NA	chr (other)
TIL25	Zx00003aa021570_P001	Zx00003aa021570	Zx00003aa021570_T001	ZmFd4	0.8774193548387097	59.559	chr6	-	451618	452028	452028	451618	annotated	c113	Zm00001eb260150	263	NA	NA	NA	chr (other)
TIL25	Zx00003aa021572_P001	Zx00003aa021572	Zx00003aa021572_T001	ZmFd4	0.8258064516129032	59.542	chr6	-	527056	527481	527481	527056	annotated	c114	Zm00001eb260160	280	NA	NA	NA	chr (other)
TIL25	Zx00003aa023765_P001	Zx00003aa023765	Zx00003aa023765_T001	ZmFd4	0.6387096774193548	59.596	chr6	-	167167116	167167583	167167583	167167116	annotated	c115	Zm00001eb348290	229	NA	NA	NA	chr (other)
TIL25	Zx00003aa023769_P001	Zx00003aa023769	Zx00003aa023769_T001	ZmFd4	0.6387096774193548	59.596	chr6	-	167189035	167189502	167189502	167189035	annotated	c116	Zm00001eb348290	229	NA	NA	NA	chr (other)
TIL25	Zx00003aa030293_P001	Zx00003aa030293	Zx00003aa030293_T001	ZmFd4	0.6129032258064516	63.158	chr8	+	181407791	181408243	181407791	181408243	annotated	c117	Zm00001eb366870	288	NA	NA	NA	chr (other)
TIL25	Zx00003aa034917_P001	Zx00003aa034917	Zx00003aa034917_T001	ZmFd9	1	99.324	chr10	+	111043221	111043685	111043221	111043685	annotated	c118	Zm00001eb421930	302	ZmFd9	302	chr10	chr
Gigi	Gigi:alt-scaf_112:672421	NA	NA	ZmFd4	1	97.436	alt-scaf_112	+	672421	672888	672421	672888	unannotated	c119	Zm00001eb083950	307	ZmFd4	307	chr2	unplaced
Gigi	Gigi:alt-scaf_43:3384592	NA	NA	ZmFd9	1	97.748	alt-scaf_43	-	3384592	3385035	3385035	3384592	unannotated	c120	Zm00001eb421930	294	ZmFd9	294	chr10	unplaced
Momo	Momo:alt-ctg_626979:92949	NA	NA	ZmFd9	1	97.748	alt-ctg_626979	-	92949	93392	93392	92949	unannotated	c121	Zm00001eb421930	294	ZmFd9	294	chr10	unplaced
PI615697	PI615697:alt-ctg_476891:191646	NA	NA	ZmFd9	1	98.198	alt-ctg_476891	-	191646	192089	192089	191646	unannotated	c122	Zm00001eb421930	296	ZmFd9	296	chr10	unplaced
PI615697	PI615697:alt-ctg_597558:589847	NA	NA	ZmFd9	1	98.423	alt-ctg_597558	-	589847	590290	590290	589847	unannotated	c123	Zm00001eb421930	296	ZmFd9	296	chr10	unplaced
TIL01	TIL01:alt-scaf_19:5155050	NA	NA	ZmFd4	1	99.573	alt-scaf_19	+	5155050	5155517	5155050	5155517	unannotated	c124	Zm00001eb083950	320	ZmFd4	320	chr2	unplaced
